order_id,product_id,quantity,supplier_id,order_date,delivery_date,transportation_mode,distance,weather_condition,delay
1,52,34,9,2023-01-01,2023-01-11,Air,284.2734532291234,Extreme,5
2,93,8,6,2023-01-02,2023-01-12,Air,509.87321622469153,Extreme,5
3,15,40,6,2023-01-03,2023-01-17,Sea,760.0721862668593,Bad,9
4,72,83,4,2023-01-04,2023-01-16,Sea,500.11933697804926,Good,7
5,61,42,1,2023-01-05,2023-01-10,Air,104.95222697480258,Good,0
6,21,41,10,2023-01-06,2023-01-23,Sea,959.9003109387937,Extreme,12
7,83,6,8,2023-01-07,2023-01-21,Sea,945.5881031394066,Bad,9
8,87,52,2,2023-01-08,2023-01-25,Sea,795.9300659909879,Extreme,12
9,75,26,1,2023-01-09,2023-01-16,Road,991.7615064860096,Bad,2
10,75,64,2,2023-01-10,2023-01-17,Air,567.2582161602497,Bad,2
11,88,98,1,2023-01-11,2023-01-18,Road,964.6299327405458,Bad,2
12,100,59,1,2023-01-12,2023-01-26,Sea,121.82478858591324,Bad,9
13,24,56,9,2023-01-13,2023-01-18,Road,397.39671084830275,Good,0
14,3,59,1,2023-01-14,2023-01-28,Sea,264.11220460642755,Bad,9
15,22,70,4,2023-01-15,2023-01-22,Road,236.04142992755652,Bad,2
16,53,33,10,2023-01-16,2023-02-02,Sea,183.76280144804227,Extreme,12
17,2,53,6,2023-01-17,2023-01-27,Road,641.2929594876969,Extreme,5
18,88,22,7,2023-01-18,2023-01-23,Road,792.2557629599398,Good,0
19,30,21,2,2023-01-19,2023-01-29,Road,599.3834794493426,Extreme,5
20,38,70,6,2023-01-20,2023-01-27,Air,189.6145741087992,Bad,2
21,2,70,7,2023-01-21,2023-01-31,Road,820.5675814367974,Extreme,5
22,64,4,10,2023-01-22,2023-01-27,Air,654.1569718055421,Good,0
23,60,94,10,2023-01-23,2023-02-09,Sea,418.75742082064573,Extreme,12
24,21,75,2,2023-01-24,2023-02-03,Road,690.4237807592598,Extreme,5
25,33,62,2,2023-01-25,2023-02-06,Sea,296.9097302806912,Good,7
26,76,62,10,2023-01-26,2023-02-07,Sea,377.9325980695,Good,7
27,58,94,7,2023-01-27,2023-02-03,Road,921.6115509753907,Bad,2
28,22,95,1,2023-01-28,2023-02-07,Air,325.97928038784937,Extreme,5
29,89,24,8,2023-01-29,2023-02-05,Road,496.48885475003976,Bad,2
30,49,55,3,2023-01-30,2023-02-16,Sea,895.6340805262139,Extreme,12
31,91,9,6,2023-01-31,2023-02-17,Sea,722.3352827541511,Extreme,12
32,59,3,9,2023-02-01,2023-02-08,Road,109.0930648564676,Bad,2
33,42,31,6,2023-02-02,2023-02-12,Air,189.93789206502183,Extreme,5
34,92,40,9,2023-02-03,2023-02-13,Air,57.449511233320976,Extreme,5
35,60,36,7,2023-02-04,2023-02-21,Sea,649.3757007177052,Extreme,12
36,80,24,9,2023-02-05,2023-02-17,Sea,475.2897541398974,Good,7
37,15,95,2,2023-02-06,2023-02-13,Air,177.56110835716174,Bad,2
38,62,6,8,2023-02-07,2023-02-12,Road,960.037415003932,Good,0
39,62,66,8,2023-02-08,2023-02-22,Sea,553.1767377483388,Bad,9
40,47,84,2,2023-02-09,2023-02-16,Air,279.79862940724473,Bad,2
41,62,92,4,2023-02-10,2023-02-27,Sea,525.5733925969721,Extreme,12
42,51,75,7,2023-02-11,2023-02-18,Road,695.6393160983524,Bad,2
43,55,4,4,2023-02-12,2023-02-17,Air,122.42725707488626,Good,0
44,64,79,4,2023-02-13,2023-02-25,Sea,310.96862429549736,Good,7
45,3,6,6,2023-02-14,2023-02-19,Road,816.6172163397939,Good,0
46,51,94,10,2023-02-15,2023-03-01,Sea,486.6816268825282,Bad,9
47,7,51,6,2023-02-16,2023-02-21,Road,569.2482849306801,Good,0
48,21,62,10,2023-02-17,2023-02-24,Road,461.1752020989958,Bad,2
49,73,57,3,2023-02-18,2023-02-23,Air,91.70494551085486,Good,0
50,39,66,9,2023-02-19,2023-02-24,Road,207.46229082914815,Good,0
51,18,79,10,2023-02-20,2023-03-06,Sea,473.26455680479637,Bad,9
52,4,75,2,2023-02-21,2023-02-26,Road,248.72619213753143,Good,0
53,89,8,6,2023-02-22,2023-03-04,Road,97.4800772266948,Extreme,5
54,60,26,7,2023-02-23,2023-03-02,Air,851.4671808492326,Bad,2
55,14,51,9,2023-02-24,2023-03-03,Road,982.13290270591,Bad,2
56,9,45,3,2023-02-25,2023-03-04,Road,803.4857302969025,Bad,2
57,90,44,10,2023-02-26,2023-03-15,Sea,861.0956756194337,Extreme,12
58,53,5,3,2023-02-27,2023-03-06,Air,279.87827380119313,Bad,2
59,2,70,7,2023-02-28,2023-03-05,Air,962.5956267375398,Good,0
60,84,26,4,2023-03-01,2023-03-06,Air,237.07941923075697,Good,0
61,92,68,8,2023-03-02,2023-03-07,Road,953.8583198437407,Good,0
62,60,19,7,2023-03-03,2023-03-10,Air,995.0783292676534,Bad,2
63,71,84,5,2023-03-04,2023-03-09,Road,726.1366654587463,Good,0
64,44,97,7,2023-03-05,2023-03-12,Road,982.0865452022308,Bad,2
65,8,20,3,2023-03-06,2023-03-18,Sea,591.0627905887485,Good,7
66,47,12,2,2023-03-07,2023-03-24,Sea,296.56469401728583,Extreme,12
67,35,47,6,2023-03-08,2023-03-25,Sea,465.1460913823398,Extreme,12
68,78,1,2,2023-03-09,2023-03-26,Sea,613.8828886098466,Extreme,12
69,81,90,3,2023-03-10,2023-03-27,Sea,119.42748392566423,Extreme,12
70,36,14,6,2023-03-11,2023-03-18,Road,641.2261013863838,Bad,2
71,50,64,5,2023-03-12,2023-03-17,Road,982.1189449241798,Good,0
72,4,38,8,2023-03-13,2023-03-23,Air,230.60226729454124,Extreme,5
73,2,37,9,2023-03-14,2023-03-21,Road,802.9653604739641,Bad,2
74,6,11,3,2023-03-15,2023-03-25,Road,912.5038540906384,Extreme,5
75,54,100,10,2023-03-16,2023-04-02,Sea,946.5165131792098,Extreme,12
76,4,77,3,2023-03-17,2023-03-24,Road,962.1288241851748,Bad,2
77,54,3,3,2023-03-18,2023-04-01,Sea,545.3866567853984,Bad,9
78,93,33,6,2023-03-19,2023-03-24,Air,978.4425125919284,Good,0
79,63,6,1,2023-03-20,2023-03-25,Air,769.4446967777169,Good,0
80,18,50,7,2023-03-21,2023-03-31,Road,203.5878644251138,Extreme,5
81,90,10,1,2023-03-22,2023-04-01,Air,503.0551011445715,Extreme,5
82,44,5,5,2023-03-23,2023-03-28,Road,732.4146166034038,Good,0
83,34,23,10,2023-03-24,2023-03-29,Air,284.9733000281292,Good,0
84,74,10,8,2023-03-25,2023-04-08,Sea,658.584424371443,Bad,9
85,62,44,4,2023-03-26,2023-04-07,Sea,683.2704550942883,Good,7
86,100,2,5,2023-03-27,2023-04-08,Sea,204.5647566181376,Good,7
87,14,13,4,2023-03-28,2023-04-14,Sea,586.8310468301185,Extreme,12
88,95,40,4,2023-03-29,2023-04-03,Road,783.0455654296773,Good,0
89,48,2,8,2023-03-30,2023-04-09,Air,523.9508813091448,Extreme,5
90,15,84,2,2023-03-31,2023-04-05,Road,61.497960937302054,Good,0
91,72,65,1,2023-04-01,2023-04-15,Sea,58.58654562532757,Bad,9
92,78,63,3,2023-04-02,2023-04-07,Road,389.1778767715116,Good,0
93,87,73,9,2023-04-03,2023-04-08,Air,929.8843650101929,Good,0
94,62,17,4,2023-04-04,2023-04-09,Road,267.24294062342835,Good,0
95,40,9,10,2023-04-05,2023-04-15,Air,652.6455044281028,Extreme,5
96,85,75,5,2023-04-06,2023-04-13,Road,260.97207715865454,Bad,2
97,80,15,2,2023-04-07,2023-04-12,Air,355.5864901765712,Good,0
98,82,24,4,2023-04-08,2023-04-18,Air,855.6399851214097,Extreme,5
99,53,38,2,2023-04-09,2023-04-23,Sea,742.4183701564496,Bad,9
100,24,35,2,2023-04-10,2023-04-20,Air,140.6293134475501,Extreme,5
101,26,94,4,2023-04-11,2023-04-28,Sea,457.26691993711194,Extreme,12
102,89,95,6,2023-04-12,2023-04-26,Sea,77.71127546300124,Bad,9
103,60,49,7,2023-04-13,2023-04-25,Sea,506.84563927285853,Good,7
104,41,69,10,2023-04-14,2023-04-24,Road,679.3123111160147,Extreme,5
105,29,62,3,2023-04-15,2023-04-25,Road,162.577492418244,Extreme,5
106,15,60,3,2023-04-16,2023-04-21,Road,324.44069196370737,Good,0
107,45,50,10,2023-04-17,2023-04-22,Road,427.9447942270491,Good,0
108,65,78,6,2023-04-18,2023-04-25,Air,923.5544734232473,Bad,2
109,89,75,3,2023-04-19,2023-04-26,Air,993.5922646518159,Bad,2
110,71,9,2,2023-04-20,2023-04-27,Road,92.66573404583507,Bad,2
111,9,34,8,2023-04-21,2023-04-26,Air,772.9575273206225,Good,0
112,88,76,5,2023-04-22,2023-05-02,Air,403.1378630822261,Extreme,5
113,1,99,1,2023-04-23,2023-05-10,Sea,422.83527691800606,Extreme,12
114,8,35,3,2023-04-24,2023-05-08,Sea,766.5517246796716,Bad,9
115,88,1,10,2023-04-25,2023-05-07,Sea,922.5051105381382,Good,7
116,63,40,8,2023-04-26,2023-05-13,Sea,953.3821647774209,Extreme,12
117,11,64,4,2023-04-27,2023-05-04,Air,598.2664567364047,Bad,2
118,81,22,7,2023-04-28,2023-05-08,Road,389.26510133547765,Extreme,5
119,8,60,10,2023-04-29,2023-05-09,Air,798.1716315658402,Extreme,5
120,35,64,2,2023-04-30,2023-05-05,Air,288.45131409918525,Good,0
121,35,93,7,2023-05-01,2023-05-06,Air,585.8703273918419,Good,0
122,33,72,5,2023-05-02,2023-05-19,Sea,390.6495384486295,Extreme,12
123,5,11,5,2023-05-03,2023-05-17,Sea,673.7995200224823,Bad,9
124,41,14,6,2023-05-04,2023-05-16,Sea,278.37896724883154,Good,7
125,28,60,9,2023-05-05,2023-05-15,Road,232.01329844808447,Extreme,5
126,7,30,6,2023-05-06,2023-05-11,Air,922.3271323416652,Good,0
127,73,35,8,2023-05-07,2023-05-12,Road,146.71349880206006,Good,0
128,72,85,7,2023-05-08,2023-05-20,Sea,530.6600123481851,Good,7
129,12,37,9,2023-05-09,2023-05-19,Road,259.81014381485846,Extreme,5
130,34,5,4,2023-05-10,2023-05-17,Air,86.98346515938408,Bad,2
131,33,83,2,2023-05-11,2023-05-18,Air,84.21787737685507,Bad,2
132,48,78,7,2023-05-12,2023-05-26,Sea,216.46068350053596,Bad,9
133,23,26,6,2023-05-13,2023-05-25,Sea,873.4318367807002,Good,7
134,62,62,1,2023-05-14,2023-05-24,Road,318.3548067781753,Extreme,5
135,88,4,9,2023-05-15,2023-05-27,Sea,952.936212046531,Good,7
136,37,89,9,2023-05-16,2023-05-30,Sea,602.5411783397338,Bad,9
137,99,42,2,2023-05-17,2023-05-24,Air,464.7834802803278,Bad,2
138,44,89,3,2023-05-18,2023-06-04,Sea,601.0843929359819,Extreme,12
139,86,18,5,2023-05-19,2023-05-31,Sea,540.8634659649545,Good,7
140,91,40,5,2023-05-20,2023-05-27,Air,770.8374410694589,Bad,2
141,35,72,1,2023-05-21,2023-05-31,Air,318.3712626742097,Extreme,5
142,65,39,8,2023-05-22,2023-05-27,Road,385.39787202028725,Good,0
143,99,14,8,2023-05-23,2023-06-04,Sea,899.3895874065882,Good,7
144,47,32,4,2023-05-24,2023-05-31,Air,949.1336874928852,Bad,2
145,78,51,7,2023-05-25,2023-06-01,Road,897.9303161121508,Bad,2
146,3,38,10,2023-05-26,2023-05-31,Road,448.4755942594479,Good,0
147,1,97,3,2023-05-27,2023-06-08,Sea,791.3472278565376,Good,7
148,5,23,6,2023-05-28,2023-06-11,Sea,502.51894663604384,Bad,9
149,90,63,10,2023-05-29,2023-06-03,Road,522.6628595387971,Good,0
150,14,15,10,2023-05-30,2023-06-06,Air,244.44610360441976,Bad,2
151,27,97,9,2023-05-31,2023-06-05,Road,611.5737880955907,Good,0
152,9,25,1,2023-06-01,2023-06-15,Sea,226.82910286568054,Bad,9
153,79,17,5,2023-06-02,2023-06-12,Air,364.9864641138341,Extreme,5
154,15,97,4,2023-06-03,2023-06-10,Air,862.2786915389383,Bad,2
155,90,66,8,2023-06-04,2023-06-11,Road,246.72201875031246,Bad,2
156,42,78,1,2023-06-05,2023-06-22,Sea,117.60037091476117,Extreme,12
157,77,53,9,2023-06-06,2023-06-11,Road,115.55721298217549,Good,0
158,51,51,6,2023-06-07,2023-06-17,Road,943.7452944779525,Extreme,5
159,63,39,4,2023-06-08,2023-06-15,Road,531.5744160637429,Bad,2
160,96,51,9,2023-06-09,2023-06-14,Air,438.9414682261674,Good,0
161,52,70,5,2023-06-10,2023-06-20,Air,820.3346519575225,Extreme,5
162,96,6,5,2023-06-11,2023-06-23,Sea,844.0346315149902,Good,7
163,4,67,5,2023-06-12,2023-06-24,Sea,365.5814814598244,Good,7
164,94,7,1,2023-06-13,2023-06-23,Road,708.9371546001055,Extreme,5
165,23,51,1,2023-06-14,2023-06-19,Road,782.5666750592923,Good,0
166,15,72,8,2023-06-15,2023-06-25,Road,671.9181525226568,Extreme,5
167,43,42,8,2023-06-16,2023-06-30,Sea,194.0153210600944,Bad,9
168,29,64,6,2023-06-17,2023-06-22,Air,882.0889293412042,Good,0
169,36,15,4,2023-06-18,2023-06-25,Air,562.1398250992082,Bad,2
170,13,29,2,2023-06-19,2023-06-26,Road,318.3488050515035,Bad,2
171,32,33,2,2023-06-20,2023-06-25,Road,453.9667761658092,Good,0
172,71,94,9,2023-06-21,2023-07-01,Road,85.69253587896202,Extreme,5
173,59,27,5,2023-06-22,2023-06-27,Road,171.47346116129668,Good,0
174,86,36,4,2023-06-23,2023-07-07,Sea,777.2694129900678,Bad,9
175,28,29,10,2023-06-24,2023-07-01,Air,50.01105301759783,Bad,2
176,66,38,1,2023-06-25,2023-07-05,Road,445.73753705817757,Extreme,5
177,42,57,7,2023-06-26,2023-07-08,Sea,546.384672031309,Good,7
178,45,97,3,2023-06-27,2023-07-04,Road,101.90269900092369,Bad,2
179,62,27,6,2023-06-28,2023-07-05,Road,974.4242548237162,Bad,2
180,57,55,5,2023-06-29,2023-07-06,Air,264.8190646871883,Bad,2
181,6,33,5,2023-06-30,2023-07-10,Road,338.98878365446683,Extreme,5
182,28,68,5,2023-07-01,2023-07-08,Air,338.74538664227595,Bad,2
183,28,86,1,2023-07-02,2023-07-09,Air,268.8958290114824,Bad,2
184,44,66,1,2023-07-03,2023-07-08,Air,51.400130981995844,Good,0
185,84,10,3,2023-07-04,2023-07-16,Sea,742.8775543835966,Good,7
186,30,5,10,2023-07-05,2023-07-19,Sea,968.5032248093211,Bad,9
187,62,74,4,2023-07-06,2023-07-13,Air,263.0788091207928,Bad,2
188,75,97,5,2023-07-07,2023-07-12,Road,679.8948322132513,Good,0
189,92,38,2,2023-07-08,2023-07-18,Air,754.8015106107794,Extreme,5
190,89,13,8,2023-07-09,2023-07-19,Road,856.0041101359985,Extreme,5
191,62,31,2,2023-07-10,2023-07-20,Air,451.4977371629287,Extreme,5
192,97,47,9,2023-07-11,2023-07-21,Road,337.78436035840775,Extreme,5
193,1,100,2,2023-07-12,2023-07-29,Sea,359.03037732187954,Extreme,12
194,27,88,9,2023-07-13,2023-07-23,Road,726.9902664435872,Extreme,5
195,62,52,7,2023-07-14,2023-07-24,Air,825.9404931803542,Extreme,5
196,77,56,8,2023-07-15,2023-08-01,Sea,222.53326936877252,Extreme,12
197,3,15,2,2023-07-16,2023-07-21,Road,402.39395774987696,Good,0
198,70,29,7,2023-07-17,2023-07-27,Road,906.8431869116926,Extreme,5
199,72,8,6,2023-07-18,2023-07-28,Road,816.3588437100022,Extreme,5
200,27,5,4,2023-07-19,2023-07-29,Road,985.615482624352,Extreme,5
201,9,29,7,2023-07-20,2023-07-27,Road,766.5358466979767,Bad,2
202,62,47,4,2023-07-21,2023-08-02,Sea,423.53544097652616,Good,7
203,37,68,2,2023-07-22,2023-08-03,Sea,611.1059422949058,Good,7
204,97,76,10,2023-07-23,2023-08-04,Sea,677.9635415349543,Good,7
205,51,45,7,2023-07-24,2023-08-10,Sea,124.53302550126776,Extreme,12
206,44,2,8,2023-07-25,2023-08-04,Air,567.2721111486718,Extreme,5
207,24,27,2,2023-07-26,2023-08-09,Sea,723.8547870489791,Bad,9
208,79,95,5,2023-07-27,2023-08-01,Road,208.95523880100737,Good,0
209,59,36,1,2023-07-28,2023-08-07,Road,791.6001315542793,Extreme,5
210,32,36,7,2023-07-29,2023-08-10,Sea,604.5841414884061,Good,7
211,96,26,8,2023-07-30,2023-08-06,Road,954.6106964127149,Bad,2
212,88,43,6,2023-07-31,2023-08-14,Sea,90.30118329654711,Bad,9
213,52,27,5,2023-08-01,2023-08-08,Road,302.05983067769364,Bad,2
214,62,69,6,2023-08-02,2023-08-07,Air,621.4761853348328,Good,0
215,58,20,2,2023-08-03,2023-08-13,Air,331.7319165956342,Extreme,5
216,52,11,1,2023-08-04,2023-08-21,Sea,728.7029558676801,Extreme,12
217,12,74,7,2023-08-05,2023-08-19,Sea,771.0550183958344,Bad,9
218,39,38,7,2023-08-06,2023-08-23,Sea,147.39016586315074,Extreme,12
219,2,6,10,2023-08-07,2023-08-14,Road,538.1617409964293,Bad,2
220,3,72,10,2023-08-08,2023-08-20,Sea,533.4460278115031,Good,7
221,56,23,2,2023-08-09,2023-08-16,Air,400.81673170476404,Bad,2
222,81,47,2,2023-08-10,2023-08-15,Road,936.2786194411885,Good,0
223,59,90,1,2023-08-11,2023-08-25,Sea,836.1310038795601,Bad,9
224,2,46,10,2023-08-12,2023-08-22,Road,712.3489128141549,Extreme,5
225,2,12,8,2023-08-13,2023-08-23,Road,728.6103039482476,Extreme,5
226,92,90,8,2023-08-14,2023-08-28,Sea,488.6303366224631,Bad,9
227,54,13,1,2023-08-15,2023-08-25,Road,924.944795041747,Extreme,5
228,87,62,8,2023-08-16,2023-08-26,Air,709.8656558906212,Extreme,5
229,96,82,9,2023-08-17,2023-08-27,Air,742.5320085730256,Extreme,5
230,97,89,4,2023-08-18,2023-08-23,Road,868.606358597978,Good,0
231,1,97,1,2023-08-19,2023-09-05,Sea,310.36800987508144,Extreme,12
232,19,60,1,2023-08-20,2023-08-25,Road,816.7173586733678,Good,0
233,2,43,3,2023-08-21,2023-08-28,Air,235.47857280866742,Bad,2
234,53,76,5,2023-08-22,2023-09-01,Road,378.07485463264345,Extreme,5
235,44,100,5,2023-08-23,2023-09-02,Road,368.8299315563506,Extreme,5
236,90,68,9,2023-08-24,2023-09-03,Air,979.5991949696835,Extreme,5
237,32,5,10,2023-08-25,2023-09-01,Road,863.7103625605305,Bad,2
238,70,37,2,2023-08-26,2023-08-31,Road,716.1113685107467,Good,0
239,32,72,2,2023-08-27,2023-09-08,Sea,740.7039235346206,Good,7
240,68,92,6,2023-08-28,2023-09-14,Sea,583.9691546824425,Extreme,12
241,55,31,9,2023-08-29,2023-09-05,Air,949.7361337530931,Bad,2
242,75,9,1,2023-08-30,2023-09-06,Air,521.4458152382435,Bad,2
243,56,51,9,2023-08-31,2023-09-07,Air,411.4918243763998,Bad,2
244,17,29,9,2023-09-01,2023-09-15,Sea,204.88357008501146,Bad,9
245,38,78,9,2023-09-02,2023-09-09,Air,796.895369648005,Bad,2
246,24,40,5,2023-09-03,2023-09-08,Air,747.7217354718118,Good,0
247,69,41,9,2023-09-04,2023-09-09,Air,415.13728659792815,Good,0
248,98,86,4,2023-09-05,2023-09-17,Sea,73.93374326126789,Good,7
249,70,11,2,2023-09-06,2023-09-16,Road,847.0474613321102,Extreme,5
250,86,23,6,2023-09-07,2023-09-14,Air,60.84708428136995,Bad,2
251,11,1,4,2023-09-08,2023-09-18,Road,718.5147906475984,Extreme,5
252,16,46,6,2023-09-09,2023-09-16,Air,971.7442542397542,Bad,2
253,97,21,3,2023-09-10,2023-09-15,Road,465.7782617407933,Good,0
254,73,90,6,2023-09-11,2023-09-28,Sea,273.22473474615515,Extreme,12
255,59,36,2,2023-09-12,2023-09-24,Sea,719.6274595412126,Good,7
256,70,54,2,2023-09-13,2023-09-20,Air,826.2717349148058,Bad,2
257,80,87,9,2023-09-14,2023-09-21,Road,569.1088002739549,Bad,2
258,93,57,7,2023-09-15,2023-09-29,Sea,968.6835114933389,Bad,9
259,3,1,3,2023-09-16,2023-09-21,Air,99.08528557506304,Good,0
260,20,63,1,2023-09-17,2023-09-24,Air,529.5558183893017,Bad,2
261,59,54,8,2023-09-18,2023-09-30,Sea,732.5312499564226,Good,7
262,36,55,6,2023-09-19,2023-10-06,Sea,869.50844759172,Extreme,12
263,19,40,7,2023-09-20,2023-09-27,Air,220.29283131240055,Bad,2
264,90,15,9,2023-09-21,2023-09-28,Road,810.0033076754974,Bad,2
265,67,21,5,2023-09-22,2023-09-29,Road,575.0717219326181,Bad,2
266,19,47,1,2023-09-23,2023-10-03,Road,426.72599789046507,Extreme,5
267,20,73,10,2023-09-24,2023-10-01,Air,175.12927715013888,Bad,2
268,96,53,7,2023-09-25,2023-10-07,Sea,872.0309709634668,Good,7
269,71,9,5,2023-09-26,2023-10-01,Air,199.40954777072957,Good,0
270,52,74,3,2023-09-27,2023-10-11,Sea,344.2984662486443,Bad,9
271,33,52,9,2023-09-28,2023-10-05,Road,325.54325536431503,Bad,2
272,40,57,1,2023-09-29,2023-10-09,Road,877.8433324813116,Extreme,5
273,39,26,1,2023-09-30,2023-10-17,Sea,689.0678444984532,Extreme,12
274,82,41,1,2023-10-01,2023-10-18,Sea,806.8473273318037,Extreme,12
275,1,35,3,2023-10-02,2023-10-09,Air,287.94450385287405,Bad,2
276,11,63,6,2023-10-03,2023-10-13,Road,643.6303946266489,Extreme,5
277,92,25,10,2023-10-04,2023-10-14,Air,593.1586839865613,Extreme,5
278,57,90,3,2023-10-05,2023-10-10,Air,841.1888579488575,Good,0
279,89,75,8,2023-10-06,2023-10-16,Air,910.7827074571975,Extreme,5
280,50,38,10,2023-10-07,2023-10-12,Road,61.54893290351747,Good,0
281,23,2,2,2023-10-08,2023-10-13,Air,690.3189231058531,Good,0
282,31,7,9,2023-10-09,2023-10-19,Air,99.24400916374256,Extreme,5
283,94,82,3,2023-10-10,2023-10-15,Air,571.4157318234882,Good,0
284,42,91,5,2023-10-11,2023-10-18,Air,323.2510925914943,Bad,2
285,99,34,10,2023-10-12,2023-10-19,Air,341.43776954603413,Bad,2
286,7,91,8,2023-10-13,2023-10-23,Air,385.31057827973876,Extreme,5
287,16,17,2,2023-10-14,2023-10-21,Road,640.2278265971296,Bad,2
288,90,43,6,2023-10-15,2023-10-20,Air,367.34746738533073,Good,0
289,60,59,5,2023-10-16,2023-10-30,Sea,746.0640980607664,Bad,9
290,2,51,10,2023-10-17,2023-10-27,Air,434.3010162951762,Extreme,5
291,1,54,9,2023-10-18,2023-10-28,Air,114.93554029446068,Extreme,5
292,48,24,5,2023-10-19,2023-10-24,Road,794.5718503599019,Good,0
293,12,25,2,2023-10-20,2023-10-30,Road,321.4704083630707,Extreme,5
294,69,71,5,2023-10-21,2023-11-04,Sea,461.1285356192995,Bad,9
295,37,52,4,2023-10-22,2023-11-08,Sea,701.1716890608064,Extreme,12
296,32,70,7,2023-10-23,2023-10-28,Road,365.8333492912764,Good,0
297,9,88,6,2023-10-24,2023-11-03,Road,103.75637333937985,Extreme,5
298,99,33,2,2023-10-25,2023-11-01,Air,405.2249946621729,Bad,2
299,19,49,5,2023-10-26,2023-10-31,Road,947.2261535595883,Good,0
300,48,29,7,2023-10-27,2023-11-10,Sea,659.6476774336303,Bad,9
301,80,63,7,2023-10-28,2023-11-02,Air,687.9051912338466,Good,0
302,3,22,5,2023-10-29,2023-11-15,Sea,650.6680459557579,Extreme,12
303,20,26,9,2023-10-30,2023-11-04,Air,239.04253201146494,Good,0
304,24,28,4,2023-10-31,2023-11-05,Road,447.4171708971661,Good,0
305,54,85,3,2023-11-01,2023-11-18,Sea,763.3928084451524,Extreme,12
306,33,49,4,2023-11-02,2023-11-09,Air,146.30425267550117,Bad,2
307,24,71,5,2023-11-03,2023-11-13,Air,313.96013728522666,Extreme,5
308,75,81,6,2023-11-04,2023-11-09,Road,312.50315304256094,Good,0
309,72,84,3,2023-11-05,2023-11-15,Road,460.4179812147807,Extreme,5
310,36,49,2,2023-11-06,2023-11-11,Road,981.3503038950759,Good,0
311,38,20,4,2023-11-07,2023-11-24,Sea,114.12741934963084,Extreme,12
312,84,86,5,2023-11-08,2023-11-18,Air,542.7659446615653,Extreme,5
313,99,92,4,2023-11-09,2023-11-16,Road,220.39644791159992,Bad,2
314,89,63,3,2023-11-10,2023-11-22,Sea,972.1427181392569,Good,7
315,99,61,8,2023-11-11,2023-11-25,Sea,157.63832949109099,Bad,9
316,25,49,10,2023-11-12,2023-11-24,Sea,433.4209522435117,Good,7
317,93,71,4,2023-11-13,2023-11-23,Road,750.9907355928759,Extreme,5
318,18,1,2,2023-11-14,2023-11-19,Road,719.326706626073,Good,0
319,82,96,2,2023-11-15,2023-11-22,Air,451.59220504923564,Bad,2
320,66,13,1,2023-11-16,2023-11-23,Air,379.1979595550823,Bad,2
321,54,94,4,2023-11-17,2023-11-24,Road,427.731759625227,Bad,2
322,35,87,10,2023-11-18,2023-11-30,Sea,301.0624500007073,Good,7
323,80,51,9,2023-11-19,2023-12-03,Sea,245.06629177145982,Bad,9
324,61,56,7,2023-11-20,2023-12-04,Sea,508.88771268094547,Bad,9
325,41,83,10,2023-11-21,2023-11-28,Air,305.107068264227,Bad,2
326,100,62,7,2023-11-22,2023-12-09,Sea,323.08858165238763,Extreme,12
327,33,32,7,2023-11-23,2023-12-03,Air,673.9182603008292,Extreme,5
328,68,30,8,2023-11-24,2023-11-29,Air,970.1104651148976,Good,0
329,33,29,1,2023-11-25,2023-12-07,Sea,623.4553405314064,Good,7
330,14,49,10,2023-11-26,2023-12-10,Sea,123.13049371171796,Bad,9
331,21,45,10,2023-11-27,2023-12-07,Road,121.80443316136363,Extreme,5
332,48,93,8,2023-11-28,2023-12-05,Road,953.8520598032877,Bad,2
333,20,30,4,2023-11-29,2023-12-13,Sea,332.42625079196694,Bad,9
334,8,16,4,2023-11-30,2023-12-10,Air,137.46363677835166,Extreme,5
335,7,40,4,2023-12-01,2023-12-11,Air,619.0923577928625,Extreme,5
336,67,19,6,2023-12-02,2023-12-12,Air,642.4663393757528,Extreme,5
337,17,18,7,2023-12-03,2023-12-08,Air,666.0795791127538,Good,0
338,33,1,6,2023-12-04,2023-12-09,Air,304.03192646466425,Good,0
339,48,78,1,2023-12-05,2023-12-12,Road,64.35515000375128,Bad,2
340,76,47,8,2023-12-06,2023-12-18,Sea,966.7646009817482,Good,7
341,59,66,10,2023-12-07,2023-12-17,Road,288.34839340654736,Extreme,5
342,86,92,7,2023-12-08,2023-12-18,Air,692.2249736499201,Extreme,5
343,22,94,6,2023-12-09,2023-12-14,Air,721.2983763847741,Good,0
344,30,38,6,2023-12-10,2023-12-17,Air,629.5070462255114,Bad,2
345,38,51,5,2023-12-11,2023-12-18,Air,347.2620245029658,Bad,2
346,51,63,6,2023-12-12,2023-12-24,Sea,307.54144107586245,Good,7
347,54,4,9,2023-12-13,2023-12-20,Air,617.784868567568,Bad,2
348,8,1,10,2023-12-14,2023-12-28,Sea,872.7908519311069,Bad,9
349,27,8,9,2023-12-15,2023-12-22,Air,949.3970424772258,Bad,2
350,27,29,10,2023-12-16,2024-01-02,Sea,150.61051418356976,Extreme,12
351,98,55,8,2023-12-17,2023-12-27,Road,197.08718196783386,Extreme,5
352,21,3,10,2023-12-18,2023-12-23,Air,947.4994458439256,Good,0
353,30,32,9,2023-12-19,2024-01-05,Sea,749.708466918053,Extreme,12
354,97,10,10,2023-12-20,2023-12-27,Road,888.8441335882844,Bad,2
355,28,74,8,2023-12-21,2023-12-31,Air,242.50100242857602,Extreme,5
356,64,83,8,2023-12-22,2023-12-27,Air,608.2065775539318,Good,0
357,97,34,1,2023-12-23,2024-01-02,Air,716.0826146966,Extreme,5
358,69,97,10,2023-12-24,2024-01-07,Sea,696.1062911746241,Bad,9
359,61,87,5,2023-12-25,2024-01-08,Sea,437.7441063233632,Bad,9
360,48,55,4,2023-12-26,2023-12-31,Road,64.62514710674306,Good,0
361,19,92,2,2023-12-27,2024-01-13,Sea,603.77975396405,Extreme,12
362,4,32,8,2023-12-28,2024-01-14,Sea,290.4464622206283,Extreme,12
363,35,50,3,2023-12-29,2024-01-08,Air,477.7415338357458,Extreme,5
364,64,7,4,2023-12-30,2024-01-06,Air,959.7019643296264,Bad,2
365,49,93,7,2023-12-31,2024-01-05,Air,429.08355176031296,Good,0
366,17,8,10,2024-01-01,2024-01-11,Air,847.8115263312054,Extreme,5
367,44,65,9,2024-01-02,2024-01-09,Air,229.11357546178857,Bad,2
368,92,57,2,2024-01-03,2024-01-10,Air,688.8374731237774,Bad,2
369,30,67,3,2024-01-04,2024-01-11,Air,978.1566067169963,Bad,2
370,93,88,4,2024-01-05,2024-01-15,Road,146.79844582928996,Extreme,5
371,46,87,10,2024-01-06,2024-01-16,Road,57.903945115832414,Extreme,5
372,6,59,1,2024-01-07,2024-01-17,Road,461.90365300098364,Extreme,5
373,99,72,7,2024-01-08,2024-01-18,Road,137.99420889879883,Extreme,5
374,37,54,2,2024-01-09,2024-01-19,Air,760.9651321924198,Extreme,5
375,24,67,5,2024-01-10,2024-01-20,Road,918.821230656131,Extreme,5
376,93,51,1,2024-01-11,2024-01-21,Air,462.3199240733209,Extreme,5
377,46,97,3,2024-01-12,2024-01-22,Road,295.7760600476689,Extreme,5
378,53,92,2,2024-01-13,2024-01-30,Sea,462.6831530562793,Extreme,12
379,95,8,1,2024-01-14,2024-01-21,Road,737.2754269575009,Bad,2
380,99,34,7,2024-01-15,2024-01-25,Road,58.60145350135243,Extreme,5
381,60,35,5,2024-01-16,2024-01-21,Air,609.9812900104623,Good,0
382,97,96,1,2024-01-17,2024-01-24,Road,632.6271006430101,Bad,2
383,63,88,6,2024-01-18,2024-02-04,Sea,655.8038345511387,Extreme,12
384,85,78,5,2024-01-19,2024-01-24,Air,279.92097598183335,Good,0
385,32,32,3,2024-01-20,2024-01-30,Air,728.3500872092204,Extreme,5
386,87,46,7,2024-01-21,2024-01-26,Road,136.8219120151876,Good,0
387,33,16,10,2024-01-22,2024-01-27,Air,239.30681964346078,Good,0
388,67,68,9,2024-01-23,2024-01-28,Air,883.5965443217578,Good,0
389,18,37,9,2024-01-24,2024-01-29,Air,751.786993190238,Good,0
390,25,54,9,2024-01-25,2024-02-01,Air,63.05827631077799,Bad,2
391,95,85,2,2024-01-26,2024-02-02,Air,285.9574473513102,Bad,2
392,54,14,3,2024-01-27,2024-02-01,Air,253.68615884350632,Good,0
393,58,95,7,2024-01-28,2024-02-14,Sea,307.26601163512396,Extreme,12
394,67,55,5,2024-01-29,2024-02-03,Road,285.1817817658921,Good,0
395,46,48,2,2024-01-30,2024-02-13,Sea,109.39998095570346,Bad,9
396,24,82,3,2024-01-31,2024-02-10,Air,485.99349076697933,Extreme,5
397,32,7,10,2024-02-01,2024-02-08,Air,746.0968010468569,Bad,2
398,47,74,6,2024-02-02,2024-02-09,Road,626.3951384815646,Bad,2
399,86,7,7,2024-02-03,2024-02-20,Sea,689.2280851681758,Extreme,12
400,23,33,9,2024-02-04,2024-02-09,Road,127.0917196094272,Good,0
401,66,23,1,2024-02-05,2024-02-17,Sea,953.9161746679479,Good,7
402,27,85,7,2024-02-06,2024-02-11,Air,846.5672421508735,Good,0
403,2,19,8,2024-02-07,2024-02-12,Road,814.8358025708795,Good,0
404,90,19,3,2024-02-08,2024-02-18,Road,831.8346147896791,Extreme,5
405,17,36,4,2024-02-09,2024-02-19,Air,936.0749827261233,Extreme,5
406,33,29,10,2024-02-10,2024-02-20,Road,567.0412678080128,Extreme,5
407,9,60,6,2024-02-11,2024-02-25,Sea,240.2679169742446,Bad,9
408,43,82,10,2024-02-12,2024-02-29,Sea,635.9444274599141,Extreme,12
409,48,2,7,2024-02-13,2024-02-25,Sea,755.737418984542,Good,7
410,39,1,4,2024-02-14,2024-02-28,Sea,751.0215236863241,Bad,9
411,93,47,8,2024-02-15,2024-02-20,Air,545.3765729585361,Good,0
412,42,69,5,2024-02-16,2024-02-21,Road,115.03578336689915,Good,0
413,26,20,1,2024-02-17,2024-03-05,Sea,402.55729150862146,Extreme,12
414,99,11,4,2024-02-18,2024-02-28,Air,924.7282780401895,Extreme,5
415,50,2,3,2024-02-19,2024-02-24,Road,605.2264642695548,Good,0
416,25,67,9,2024-02-20,2024-02-25,Road,561.4153460929277,Good,0
417,24,87,8,2024-02-21,2024-02-28,Air,305.41083866308384,Bad,2
418,13,12,1,2024-02-22,2024-03-03,Air,400.02647392074994,Extreme,5
419,60,20,6,2024-02-23,2024-03-08,Sea,900.5787846955108,Bad,9
420,7,5,9,2024-02-24,2024-03-02,Road,683.1398951504939,Bad,2
421,57,37,7,2024-02-25,2024-03-03,Road,798.0176754147162,Bad,2
422,36,38,4,2024-02-26,2024-03-02,Air,481.6281519142724,Good,0
423,45,94,1,2024-02-27,2024-03-05,Road,648.73485848335,Bad,2
424,20,9,2,2024-02-28,2024-03-13,Sea,285.9644283060471,Bad,9
425,65,98,5,2024-02-29,2024-03-05,Road,720.187788769312,Good,0
426,8,53,5,2024-03-01,2024-03-11,Air,456.22126701817047,Extreme,5
427,16,44,8,2024-03-02,2024-03-12,Air,470.4182390740083,Extreme,5
428,14,99,6,2024-03-03,2024-03-17,Sea,666.8562083480376,Bad,9
429,76,86,8,2024-03-04,2024-03-16,Sea,939.4665903954804,Good,7
430,87,24,2,2024-03-05,2024-03-15,Road,110.80602927818987,Extreme,5
431,15,81,3,2024-03-06,2024-03-13,Road,833.5060754796573,Bad,2
432,92,74,6,2024-03-07,2024-03-14,Air,327.76395489158347,Bad,2
433,98,30,10,2024-03-08,2024-03-20,Sea,471.7234817810589,Good,7
434,66,59,3,2024-03-09,2024-03-23,Sea,70.81766233625851,Bad,9
435,32,87,6,2024-03-10,2024-03-27,Sea,335.9937739425974,Extreme,12
436,87,96,6,2024-03-11,2024-03-16,Road,527.499680498624,Good,0
437,63,81,2,2024-03-12,2024-03-29,Sea,103.36727348006707,Extreme,12
438,86,81,7,2024-03-13,2024-03-23,Air,516.5409429140069,Extreme,5
439,51,14,2,2024-03-14,2024-03-24,Air,930.7550974155059,Extreme,5
440,25,9,6,2024-03-15,2024-03-22,Road,150.12355720241496,Bad,2
441,58,40,1,2024-03-16,2024-03-23,Road,776.2186916717292,Bad,2
442,63,66,3,2024-03-17,2024-04-03,Sea,439.187500707193,Extreme,12
443,62,25,2,2024-03-18,2024-03-28,Road,672.4150287981212,Extreme,5
444,22,73,7,2024-03-19,2024-03-24,Air,297.22476808596787,Good,0
445,58,22,4,2024-03-20,2024-04-01,Sea,201.51764941429036,Good,7
446,58,4,8,2024-03-21,2024-03-28,Air,202.4394835576651,Bad,2
447,86,26,6,2024-03-22,2024-04-05,Sea,116.96734836098742,Bad,9
448,49,58,10,2024-03-23,2024-03-28,Road,226.36436965618086,Good,0
449,52,29,4,2024-03-24,2024-04-10,Sea,681.0084157395198,Extreme,12
450,42,98,5,2024-03-25,2024-04-08,Sea,887.6060812513326,Bad,9
451,70,87,9,2024-03-26,2024-04-05,Air,823.4194013116038,Extreme,5
452,15,37,7,2024-03-27,2024-04-01,Air,700.8775943807599,Good,0
453,54,75,10,2024-03-28,2024-04-11,Sea,154.91027024054753,Bad,9
454,60,70,9,2024-03-29,2024-04-05,Road,324.72807398115236,Bad,2
455,97,18,7,2024-03-30,2024-04-04,Road,344.3165315563455,Good,0
456,8,85,1,2024-03-31,2024-04-07,Air,287.4590990777402,Bad,2
457,53,42,8,2024-04-01,2024-04-06,Road,539.255376724237,Good,0
458,60,100,4,2024-04-02,2024-04-09,Air,558.7761241356889,Bad,2
459,5,41,3,2024-04-03,2024-04-08,Road,389.0416764125547,Good,0
460,68,38,7,2024-04-04,2024-04-18,Sea,386.0997007996142,Bad,9
461,6,34,3,2024-04-05,2024-04-15,Air,837.1278180107773,Extreme,5
462,96,17,8,2024-04-06,2024-04-16,Air,799.8282059037014,Extreme,5
463,94,37,6,2024-04-07,2024-04-24,Sea,342.40604009670835,Extreme,12
464,47,25,5,2024-04-08,2024-04-15,Air,918.0990216795964,Bad,2
465,99,76,4,2024-04-09,2024-04-16,Road,955.1742661523807,Bad,2
466,55,87,8,2024-04-10,2024-04-20,Road,360.4054149285388,Extreme,5
467,40,86,8,2024-04-11,2024-04-21,Air,386.7037013534021,Extreme,5
468,52,85,1,2024-04-12,2024-04-17,Road,530.3524457508609,Good,0
469,16,27,9,2024-04-13,2024-04-18,Air,944.0647719069898,Good,0
470,13,57,5,2024-04-14,2024-04-26,Sea,882.503461485196,Good,7
471,30,31,4,2024-04-15,2024-04-25,Air,147.43956445441032,Extreme,5
472,19,6,6,2024-04-16,2024-05-03,Sea,423.0942061078454,Extreme,12
473,17,91,6,2024-04-17,2024-04-27,Road,575.7026302622833,Extreme,5
474,63,40,2,2024-04-18,2024-04-30,Sea,527.975848923963,Good,7
475,19,98,8,2024-04-19,2024-04-26,Road,234.16991454004804,Bad,2
476,92,12,7,2024-04-20,2024-04-30,Air,865.875932609747,Extreme,5
477,58,53,1,2024-04-21,2024-04-28,Road,693.0937438469955,Bad,2
478,55,71,5,2024-04-22,2024-04-29,Air,846.0129561092134,Bad,2
479,90,10,6,2024-04-23,2024-04-30,Air,865.8260653819985,Bad,2
480,90,45,4,2024-04-24,2024-05-06,Sea,760.9380609824527,Good,7
481,62,17,2,2024-04-25,2024-05-09,Sea,467.25007118723147,Bad,9
482,23,26,4,2024-04-26,2024-05-13,Sea,630.0194172646533,Extreme,12
483,9,85,1,2024-04-27,2024-05-09,Sea,202.34713581375598,Good,7
484,12,92,7,2024-04-28,2024-05-08,Road,689.9631466011623,Extreme,5
485,1,62,2,2024-04-29,2024-05-09,Road,220.2905929523167,Extreme,5
486,58,46,2,2024-04-30,2024-05-05,Road,709.252110984649,Good,0
487,1,64,9,2024-05-01,2024-05-11,Air,268.11825271627026,Extreme,5
488,34,2,5,2024-05-02,2024-05-12,Road,161.67373514270898,Extreme,5
489,96,54,2,2024-05-03,2024-05-08,Road,207.02026563580955,Good,0
490,48,65,9,2024-05-04,2024-05-14,Road,51.89252845811676,Extreme,5
491,89,51,9,2024-05-05,2024-05-19,Sea,732.8026369608538,Bad,9
492,1,53,1,2024-05-06,2024-05-16,Road,745.7809966054601,Extreme,5
493,16,36,3,2024-05-07,2024-05-14,Air,539.1866824175966,Bad,2
494,61,26,4,2024-05-08,2024-05-25,Sea,203.2946610026145,Extreme,12
495,64,29,7,2024-05-09,2024-05-14,Air,129.37662063515526,Good,0
496,63,21,10,2024-05-10,2024-05-15,Road,68.17251811542266,Good,0
497,69,11,4,2024-05-11,2024-05-28,Sea,207.46076811695968,Extreme,12
498,22,40,2,2024-05-12,2024-05-17,Air,896.3127582339894,Good,0
499,93,11,7,2024-05-13,2024-05-23,Road,279.45999961659766,Extreme,5
500,67,36,6,2024-05-14,2024-05-19,Air,386.5577608563549,Good,0
501,76,59,3,2024-05-15,2024-05-22,Air,150.0782102572665,Bad,2
502,26,39,6,2024-05-16,2024-05-26,Air,261.2432395107618,Extreme,5
503,16,99,6,2024-05-17,2024-05-24,Road,543.2633422411949,Bad,2
504,51,54,5,2024-05-18,2024-05-25,Road,627.3650489408699,Bad,2
505,86,98,4,2024-05-19,2024-05-29,Air,283.0846984579005,Extreme,5
506,57,55,10,2024-05-20,2024-06-03,Sea,104.84555126386135,Bad,9
507,29,24,1,2024-05-21,2024-06-07,Sea,421.4812256710287,Extreme,12
508,78,22,10,2024-05-22,2024-05-29,Road,272.49320238001746,Bad,2
509,92,69,6,2024-05-23,2024-06-02,Road,258.5762270683118,Extreme,5
510,69,56,2,2024-05-24,2024-06-03,Road,961.8696625777825,Extreme,5
511,47,33,3,2024-05-25,2024-05-30,Road,635.4854616294379,Good,0
512,94,36,8,2024-05-26,2024-06-05,Road,579.0345210134911,Extreme,5
513,62,20,10,2024-05-27,2024-06-13,Sea,444.9863483471558,Extreme,12
514,69,83,6,2024-05-28,2024-06-04,Road,457.49711675863705,Bad,2
515,76,99,3,2024-05-29,2024-06-08,Air,563.8597536461767,Extreme,5
516,16,81,7,2024-05-30,2024-06-04,Air,711.6083166843018,Good,0
517,90,62,4,2024-05-31,2024-06-14,Sea,717.0387913727379,Bad,9
518,90,98,9,2024-06-01,2024-06-08,Air,213.10921232017708,Bad,2
519,48,73,5,2024-06-02,2024-06-14,Sea,525.1071144727956,Good,7
520,85,26,3,2024-06-03,2024-06-17,Sea,441.36019028239684,Bad,9
521,39,66,2,2024-06-04,2024-06-11,Air,877.000617955915,Bad,2
522,100,73,2,2024-06-05,2024-06-12,Road,649.8479751574575,Bad,2
523,33,73,3,2024-06-06,2024-06-13,Air,555.8788630951827,Bad,2
524,94,40,2,2024-06-07,2024-06-12,Air,159.62491006997152,Good,0
525,23,17,4,2024-06-08,2024-06-20,Sea,625.3559948572408,Good,7
526,10,1,2,2024-06-09,2024-06-16,Air,161.34371039622175,Bad,2
527,69,89,10,2024-06-10,2024-06-24,Sea,370.34624678746445,Bad,9
528,100,61,9,2024-06-11,2024-06-16,Road,185.69986657361528,Good,0
529,34,43,2,2024-06-12,2024-06-17,Road,707.4699646731505,Good,0
530,52,42,9,2024-06-13,2024-06-18,Road,245.93950814434498,Good,0
531,95,25,6,2024-06-14,2024-06-21,Air,422.2664045286247,Bad,2
532,10,39,1,2024-06-15,2024-06-29,Sea,900.8910387378397,Bad,9
533,19,35,4,2024-06-16,2024-06-26,Road,244.10056422902178,Extreme,5
534,58,3,1,2024-06-17,2024-06-29,Sea,532.4148107608402,Good,7
535,96,44,6,2024-06-18,2024-07-02,Sea,448.3080781077209,Bad,9
536,1,51,4,2024-06-19,2024-06-24,Road,67.21783899344325,Good,0
537,69,94,3,2024-06-20,2024-06-27,Road,803.1202078941722,Bad,2
538,4,98,3,2024-06-21,2024-07-03,Sea,115.59361099886974,Good,7
539,16,12,9,2024-06-22,2024-06-29,Road,500.5422699281059,Bad,2
540,24,19,6,2024-06-23,2024-07-10,Sea,582.6443801920025,Extreme,12
541,80,44,9,2024-06-24,2024-07-11,Sea,647.0051337838577,Extreme,12
542,2,59,5,2024-06-25,2024-06-30,Road,704.2000478424818,Good,0
543,92,49,2,2024-06-26,2024-07-03,Air,290.60876434657933,Bad,2
544,32,61,8,2024-06-27,2024-07-04,Road,59.4798378255269,Bad,2
545,91,17,5,2024-06-28,2024-07-03,Air,737.2714792371664,Good,0
546,84,74,2,2024-06-29,2024-07-13,Sea,558.8737693801996,Bad,9
547,24,57,4,2024-06-30,2024-07-12,Sea,844.3118180468863,Good,7
548,12,55,9,2024-07-01,2024-07-08,Air,830.3189447556596,Bad,2
549,50,47,4,2024-07-02,2024-07-14,Sea,851.1598593984891,Good,7
550,35,12,4,2024-07-03,2024-07-10,Air,510.8399269805631,Bad,2
551,33,62,2,2024-07-04,2024-07-09,Air,366.9469760450224,Good,0
552,33,80,6,2024-07-05,2024-07-19,Sea,801.9802924618015,Bad,9
553,61,88,2,2024-07-06,2024-07-16,Air,478.7294073777922,Extreme,5
554,51,83,7,2024-07-07,2024-07-14,Road,224.27008658326278,Bad,2
555,43,8,3,2024-07-08,2024-07-13,Road,862.2253185834006,Good,0
556,12,95,3,2024-07-09,2024-07-26,Sea,888.4318829337299,Extreme,12
557,67,21,5,2024-07-10,2024-07-24,Sea,492.9942683331616,Bad,9
558,65,81,3,2024-07-11,2024-07-21,Air,121.91474094429809,Extreme,5
559,33,87,2,2024-07-12,2024-07-19,Air,418.43478542108465,Bad,2
560,40,80,10,2024-07-13,2024-07-23,Air,813.3607764894732,Extreme,5
561,74,70,9,2024-07-14,2024-07-19,Air,906.6853271189173,Good,0
562,43,72,2,2024-07-15,2024-07-22,Road,243.29910537271604,Bad,2
563,44,25,2,2024-07-16,2024-07-23,Road,113.62493142400794,Bad,2
564,29,82,8,2024-07-17,2024-07-29,Sea,883.4829304761968,Good,7
565,13,89,9,2024-07-18,2024-07-28,Air,419.9346920299315,Extreme,5
566,12,12,7,2024-07-19,2024-07-24,Air,564.6729160541851,Good,0
567,95,15,3,2024-07-20,2024-08-01,Sea,969.662521448221,Good,7
568,46,59,9,2024-07-21,2024-07-31,Air,113.23649151851171,Extreme,5
569,2,26,3,2024-07-22,2024-07-27,Air,665.9021070794907,Good,0
570,35,26,5,2024-07-23,2024-07-30,Air,120.40015144612372,Bad,2
571,87,47,9,2024-07-24,2024-07-31,Air,406.69548204317533,Bad,2
572,81,32,3,2024-07-25,2024-08-01,Air,813.6238179337744,Bad,2
573,90,10,7,2024-07-26,2024-08-07,Sea,461.7986211178527,Good,7
574,8,16,1,2024-07-27,2024-08-03,Air,997.3232362078029,Bad,2
575,93,71,4,2024-07-28,2024-08-11,Sea,581.106320699272,Bad,9
576,26,17,4,2024-07-29,2024-08-05,Air,355.1040450041558,Bad,2
577,74,23,7,2024-07-30,2024-08-06,Road,259.1057596095155,Bad,2
578,90,26,8,2024-07-31,2024-08-07,Road,382.9945075718537,Bad,2
579,34,85,1,2024-08-01,2024-08-08,Road,403.90661007157325,Bad,2
580,7,86,5,2024-08-02,2024-08-07,Road,115.27799383776292,Good,0
581,68,7,7,2024-08-03,2024-08-17,Sea,401.0954894554345,Bad,9
582,58,14,4,2024-08-04,2024-08-18,Sea,491.0265937522637,Bad,9
583,75,79,4,2024-08-05,2024-08-15,Air,736.6008646268644,Extreme,5
584,29,7,4,2024-08-06,2024-08-11,Road,673.8930104855276,Good,0
585,36,9,6,2024-08-07,2024-08-19,Sea,723.3273724676965,Good,7
586,89,48,7,2024-08-08,2024-08-13,Air,57.94549778301425,Good,0
587,21,72,2,2024-08-09,2024-08-14,Air,256.78402960150925,Good,0
588,36,59,5,2024-08-10,2024-08-24,Sea,678.6000739798636,Bad,9
589,10,87,4,2024-08-11,2024-08-18,Road,509.7898997707598,Bad,2
590,73,93,3,2024-08-12,2024-08-22,Air,55.047801884928646,Extreme,5
591,24,82,7,2024-08-13,2024-08-23,Road,814.2699103102312,Extreme,5
592,64,95,6,2024-08-14,2024-08-19,Road,784.1690946258205,Good,0
593,99,94,7,2024-08-15,2024-08-25,Road,570.9982048438845,Extreme,5
594,49,39,5,2024-08-16,2024-08-26,Air,113.1401594874585,Extreme,5
595,99,99,6,2024-08-17,2024-08-22,Road,778.1892970559554,Good,0
596,36,18,5,2024-08-18,2024-08-23,Air,604.5279083447957,Good,0
597,82,59,7,2024-08-19,2024-08-29,Road,792.8619783000612,Extreme,5
598,96,17,2,2024-08-20,2024-08-27,Air,764.1596427760484,Bad,2
599,24,14,5,2024-08-21,2024-08-31,Road,812.8519683599453,Extreme,5
600,23,31,6,2024-08-22,2024-09-08,Sea,542.1076630843936,Extreme,12
601,62,24,6,2024-08-23,2024-08-30,Road,183.30829228383925,Bad,2
602,96,99,5,2024-08-24,2024-08-31,Road,687.5995997107043,Bad,2
603,37,60,10,2024-08-25,2024-08-30,Air,639.4500957993721,Good,0
604,12,45,7,2024-08-26,2024-08-31,Air,755.1405278391328,Good,0
605,55,98,10,2024-08-27,2024-09-06,Road,211.38695574819855,Extreme,5
606,13,3,8,2024-08-28,2024-09-11,Sea,235.22643990527476,Bad,9
607,23,37,7,2024-08-29,2024-09-10,Sea,895.8890413583621,Good,7
608,89,43,5,2024-08-30,2024-09-09,Air,762.4789085294673,Extreme,5
609,99,40,1,2024-08-31,2024-09-14,Sea,912.8170642653067,Bad,9
610,30,90,5,2024-09-01,2024-09-11,Road,770.7795551057246,Extreme,5
611,17,55,10,2024-09-02,2024-09-07,Air,617.2975406907867,Good,0
612,62,87,2,2024-09-03,2024-09-08,Road,671.42610017648,Good,0
613,84,39,5,2024-09-04,2024-09-11,Air,894.6715277430094,Bad,2
614,89,15,5,2024-09-05,2024-09-15,Air,599.8664167863435,Extreme,5
615,86,4,2,2024-09-06,2024-09-13,Air,650.771758111968,Bad,2
616,13,93,5,2024-09-07,2024-09-12,Air,198.65288020342055,Good,0
617,59,86,4,2024-09-08,2024-09-20,Sea,500.22515911029757,Good,7
618,19,25,1,2024-09-09,2024-09-19,Road,730.577256360194,Extreme,5
619,49,13,3,2024-09-10,2024-09-20,Road,307.39556340054713,Extreme,5
620,100,82,1,2024-09-11,2024-09-21,Road,242.14147149830816,Extreme,5
621,12,33,5,2024-09-12,2024-09-19,Air,348.1354678131948,Bad,2
622,61,16,4,2024-09-13,2024-09-30,Sea,279.4255965931918,Extreme,12
623,19,42,7,2024-09-14,2024-09-24,Road,254.16700518457606,Extreme,5
624,76,66,5,2024-09-15,2024-09-27,Sea,453.6083007246826,Good,7
625,9,55,10,2024-09-16,2024-09-21,Air,912.4465881893574,Good,0
626,71,99,4,2024-09-17,2024-09-27,Road,531.7066644017823,Extreme,5
627,28,42,2,2024-09-18,2024-10-05,Sea,228.52436177455687,Extreme,12
628,78,34,4,2024-09-19,2024-09-24,Air,123.12308591183037,Good,0
629,95,30,2,2024-09-20,2024-10-07,Sea,711.348337881029,Extreme,12
630,52,13,8,2024-09-21,2024-09-28,Road,413.6588262145684,Bad,2
631,83,13,3,2024-09-22,2024-09-29,Road,830.7393992560914,Bad,2
632,16,18,9,2024-09-23,2024-09-30,Air,676.5352302087317,Bad,2
633,69,32,4,2024-09-24,2024-10-04,Air,806.4293780143001,Extreme,5
634,99,96,6,2024-09-25,2024-09-30,Air,308.34873744752633,Good,0
635,12,99,10,2024-09-26,2024-10-13,Sea,707.7409763380052,Extreme,12
636,25,39,5,2024-09-27,2024-10-14,Sea,300.8588854590329,Extreme,12
637,52,46,10,2024-09-28,2024-10-10,Sea,942.115055477777,Good,7
638,85,29,1,2024-09-29,2024-10-04,Air,654.5555674567057,Good,0
639,100,62,9,2024-09-30,2024-10-05,Road,358.28621016657496,Good,0
640,53,93,1,2024-10-01,2024-10-08,Road,306.036269177659,Bad,2
641,23,62,8,2024-10-02,2024-10-19,Sea,231.38025581806133,Extreme,12
642,16,57,9,2024-10-03,2024-10-15,Sea,709.9089109490415,Good,7
643,57,16,9,2024-10-04,2024-10-14,Road,257.77983234803094,Extreme,5
644,39,56,1,2024-10-05,2024-10-12,Road,615.5381026311146,Bad,2
645,53,10,2,2024-10-06,2024-10-20,Sea,301.4032755790895,Bad,9
646,42,30,1,2024-10-07,2024-10-19,Sea,678.8704975541751,Good,7
647,58,25,10,2024-10-08,2024-10-13,Road,824.1927421135123,Good,0
648,39,84,2,2024-10-09,2024-10-19,Air,789.1239809874205,Extreme,5
649,14,5,10,2024-10-10,2024-10-22,Sea,772.8087643842426,Good,7
650,95,65,8,2024-10-11,2024-10-21,Road,228.33628540763948,Extreme,5
651,5,94,5,2024-10-12,2024-10-17,Road,133.96569963529276,Good,0
652,35,49,7,2024-10-13,2024-10-23,Road,714.0013870630163,Extreme,5
653,87,3,2,2024-10-14,2024-10-24,Road,399.92985310463376,Extreme,5
654,93,45,8,2024-10-15,2024-10-25,Air,460.7289150831799,Extreme,5
655,75,14,6,2024-10-16,2024-10-26,Road,79.5916381537215,Extreme,5
656,18,30,8,2024-10-17,2024-10-31,Sea,296.5976268112967,Bad,9
657,76,68,1,2024-10-18,2024-10-28,Air,81.99258368074082,Extreme,5
658,9,18,1,2024-10-19,2024-10-24,Road,885.2264839711853,Good,0
659,74,62,7,2024-10-20,2024-10-27,Air,281.22684905760394,Bad,2
660,58,37,8,2024-10-21,2024-11-04,Sea,579.4703110943576,Bad,9
661,17,25,3,2024-10-22,2024-11-01,Road,87.0303546280739,Extreme,5
662,7,48,5,2024-10-23,2024-11-06,Sea,683.5050217403751,Bad,9
663,46,65,1,2024-10-24,2024-11-03,Road,356.8759784663892,Extreme,5
664,13,53,7,2024-10-25,2024-10-30,Road,903.0232276097826,Good,0
665,40,79,5,2024-10-26,2024-11-05,Road,893.7122794873341,Extreme,5
666,42,73,8,2024-10-27,2024-11-03,Road,359.0260874436604,Bad,2
667,9,15,8,2024-10-28,2024-11-02,Road,905.9128509059445,Good,0
668,50,49,9,2024-10-29,2024-11-08,Air,996.3497898238398,Extreme,5
669,27,88,7,2024-10-30,2024-11-04,Road,834.1448809177507,Good,0
670,66,68,1,2024-10-31,2024-11-05,Road,852.6277803674675,Good,0
671,5,12,3,2024-11-01,2024-11-08,Air,286.5582993036354,Bad,2
672,29,59,8,2024-11-02,2024-11-07,Air,597.8672789148685,Good,0
673,37,37,3,2024-11-03,2024-11-10,Air,113.89311826899946,Bad,2
674,38,61,8,2024-11-04,2024-11-09,Air,140.17203998058622,Good,0
675,83,43,1,2024-11-05,2024-11-15,Air,998.9479814316261,Extreme,5
676,8,70,5,2024-11-06,2024-11-11,Air,360.3072869546154,Good,0
677,65,39,4,2024-11-07,2024-11-17,Road,760.7747164464041,Extreme,5
678,86,56,5,2024-11-08,2024-11-18,Road,816.3318003754756,Extreme,5
679,17,63,8,2024-11-09,2024-11-21,Sea,865.1221074568678,Good,7
680,71,46,10,2024-11-10,2024-11-20,Road,997.7468825320487,Extreme,5
681,89,88,4,2024-11-11,2024-11-16,Road,279.4216609940245,Good,0
682,45,11,4,2024-11-12,2024-11-17,Air,88.33328551671472,Good,0
683,4,62,3,2024-11-13,2024-11-23,Air,440.6319420948567,Extreme,5
684,36,77,7,2024-11-14,2024-11-24,Road,173.57663633749962,Extreme,5
685,70,98,3,2024-11-15,2024-11-29,Sea,71.30459470395238,Bad,9
686,31,25,3,2024-11-16,2024-11-26,Air,392.4054857844118,Extreme,5
687,19,71,10,2024-11-17,2024-11-24,Road,794.5513385214746,Bad,2
688,61,52,5,2024-11-18,2024-11-28,Road,587.8716566638174,Extreme,5
689,54,4,5,2024-11-19,2024-12-01,Sea,347.13908974983633,Good,7
690,39,59,6,2024-11-20,2024-12-07,Sea,671.6249052180838,Extreme,12
691,91,72,8,2024-11-21,2024-11-26,Air,270.41727129337016,Good,0
692,74,20,10,2024-11-22,2024-12-04,Sea,63.66237376848078,Good,7
693,90,93,6,2024-11-23,2024-11-28,Road,776.135717114606,Good,0
694,19,63,1,2024-11-24,2024-12-01,Road,642.5559306208087,Bad,2
695,39,54,8,2024-11-25,2024-12-12,Sea,774.187493275912,Extreme,12
696,67,74,8,2024-11-26,2024-12-08,Sea,86.99111585328234,Good,7
697,45,98,9,2024-11-27,2024-12-09,Sea,845.2636464391196,Good,7
698,13,57,9,2024-11-28,2024-12-12,Sea,638.5498900344882,Bad,9
699,92,90,2,2024-11-29,2024-12-09,Air,585.2255831770082,Extreme,5
700,58,41,2,2024-11-30,2024-12-17,Sea,643.383345708805,Extreme,12
701,20,3,3,2024-12-01,2024-12-08,Air,871.2115845249459,Bad,2
702,92,6,1,2024-12-02,2024-12-09,Road,607.5896812309617,Bad,2
703,72,5,4,2024-12-03,2024-12-20,Sea,601.9028608937704,Extreme,12
704,61,5,4,2024-12-04,2024-12-11,Air,991.1451992124776,Bad,2
705,39,54,9,2024-12-05,2024-12-22,Sea,768.8936587151396,Extreme,12
706,1,47,9,2024-12-06,2024-12-16,Road,470.1791151785785,Extreme,5
707,3,87,9,2024-12-07,2024-12-12,Road,722.0271500312813,Good,0
708,77,49,10,2024-12-08,2024-12-13,Road,419.76894810719904,Good,0
709,92,9,7,2024-12-09,2024-12-26,Sea,267.4316893593241,Extreme,12
710,62,99,2,2024-12-10,2024-12-27,Sea,617.0092830433714,Extreme,12
711,63,20,10,2024-12-11,2024-12-21,Air,931.7729932082539,Extreme,5
712,25,61,5,2024-12-12,2024-12-22,Road,932.6825440146896,Extreme,5
713,56,35,4,2024-12-13,2024-12-30,Sea,374.8100142002158,Extreme,12
714,33,50,8,2024-12-14,2024-12-24,Road,551.2935929106102,Extreme,5
715,38,82,2,2024-12-15,2024-12-22,Road,251.05410364136813,Bad,2
716,6,62,6,2024-12-16,2024-12-26,Air,995.8495540239393,Extreme,5
717,58,17,5,2024-12-17,2024-12-24,Air,982.062012474539,Bad,2
718,44,88,2,2024-12-18,2024-12-25,Air,667.033483222075,Bad,2
719,45,3,10,2024-12-19,2024-12-29,Air,814.1933566935998,Extreme,5
720,32,32,1,2024-12-20,2024-12-30,Road,729.345153219515,Extreme,5
721,45,99,8,2024-12-21,2024-12-28,Air,613.5003080874948,Bad,2
722,61,13,2,2024-12-22,2024-12-29,Air,100.6805971394528,Bad,2
723,47,89,7,2024-12-23,2025-01-02,Air,482.026125425028,Extreme,5
724,21,73,9,2024-12-24,2025-01-03,Air,691.04698705904,Extreme,5
725,80,68,9,2024-12-25,2025-01-01,Road,693.6550331895004,Bad,2
726,85,14,8,2024-12-26,2025-01-02,Air,404.4664875012644,Bad,2
727,75,98,10,2024-12-27,2025-01-03,Road,944.607387325129,Bad,2
728,36,11,9,2024-12-28,2025-01-09,Sea,208.98918062494195,Good,7
729,99,56,2,2024-12-29,2025-01-05,Road,525.3414739047826,Bad,2
730,19,67,6,2024-12-30,2025-01-04,Road,706.3397777232816,Good,0
731,20,92,4,2024-12-31,2025-01-10,Air,712.2790155972187,Extreme,5
732,57,29,4,2025-01-01,2025-01-18,Sea,666.2070089303747,Extreme,12
733,18,9,5,2025-01-02,2025-01-16,Sea,311.52380277926716,Bad,9
734,47,67,3,2025-01-03,2025-01-20,Sea,198.39624025229088,Extreme,12
735,49,25,1,2025-01-04,2025-01-21,Sea,654.1433104853753,Extreme,12
736,14,98,8,2025-01-05,2025-01-15,Road,619.3370103324659,Extreme,5
737,15,76,5,2025-01-06,2025-01-23,Sea,220.38820977477891,Extreme,12
738,31,42,3,2025-01-07,2025-01-12,Road,719.8821882920352,Good,0
739,1,9,10,2025-01-08,2025-01-13,Road,482.4133921469736,Good,0
740,54,79,7,2025-01-09,2025-01-16,Road,684.3725620229953,Bad,2
741,3,40,7,2025-01-10,2025-01-24,Sea,845.4987257816432,Bad,9
742,16,25,1,2025-01-11,2025-01-18,Air,211.242007148077,Bad,2
743,87,5,9,2025-01-12,2025-01-22,Air,68.18762459699485,Extreme,5
744,57,11,2,2025-01-13,2025-01-30,Sea,790.1474570759974,Extreme,12
745,75,59,5,2025-01-14,2025-01-19,Air,629.2125538949851,Good,0
746,12,98,5,2025-01-15,2025-01-20,Air,714.6575911410156,Good,0
747,74,88,8,2025-01-16,2025-01-23,Road,846.2472262392105,Bad,2
748,96,79,8,2025-01-17,2025-01-22,Road,812.6703880832755,Good,0
749,16,38,7,2025-01-18,2025-01-30,Sea,962.8741395823835,Good,7
750,72,72,7,2025-01-19,2025-01-31,Sea,559.1383249095123,Good,7
751,76,5,6,2025-01-20,2025-01-25,Air,514.0708510269101,Good,0
752,24,48,6,2025-01-21,2025-01-26,Road,431.7928398961936,Good,0
753,28,90,9,2025-01-22,2025-02-05,Sea,196.00649070199432,Bad,9
754,8,18,6,2025-01-23,2025-02-06,Sea,593.9768712379213,Bad,9
755,92,70,2,2025-01-24,2025-02-05,Sea,313.16189810967984,Good,7
756,36,37,2,2025-01-25,2025-02-08,Sea,925.2421366023267,Bad,9
757,90,60,5,2025-01-26,2025-02-12,Sea,604.0312640632427,Extreme,12
758,8,48,4,2025-01-27,2025-02-08,Sea,613.1981714827047,Good,7
759,58,77,2,2025-01-28,2025-02-07,Air,387.1784278331595,Extreme,5
760,60,28,3,2025-01-29,2025-02-05,Road,99.3898843788221,Bad,2
761,50,69,7,2025-01-30,2025-02-06,Road,80.15657710433919,Bad,2
762,28,77,8,2025-01-31,2025-02-17,Sea,452.16838694553763,Extreme,12
763,92,81,6,2025-02-01,2025-02-08,Road,130.33710919237598,Bad,2
764,41,40,5,2025-02-02,2025-02-07,Road,626.5046077631322,Good,0
765,100,45,1,2025-02-03,2025-02-13,Road,886.9243553576746,Extreme,5
766,64,96,8,2025-02-04,2025-02-16,Sea,888.769075692786,Good,7
767,27,62,3,2025-02-05,2025-02-22,Sea,676.0931396256208,Extreme,12
768,63,93,6,2025-02-06,2025-02-13,Road,250.67023989928447,Bad,2
769,17,58,3,2025-02-07,2025-02-17,Road,869.8469897909284,Extreme,5
770,73,67,7,2025-02-08,2025-02-25,Sea,891.7887635475478,Extreme,12
771,33,56,7,2025-02-09,2025-02-14,Air,236.82090570531076,Good,0
772,84,40,9,2025-02-10,2025-02-17,Road,750.5547814821434,Bad,2
773,77,98,5,2025-02-11,2025-02-16,Air,322.1935714807668,Good,0
774,92,40,8,2025-02-12,2025-02-19,Road,812.5082967352831,Bad,2
775,29,91,10,2025-02-13,2025-02-18,Air,997.3760049084225,Good,0
776,13,77,10,2025-02-14,2025-02-24,Air,78.52470506292318,Extreme,5
777,46,33,8,2025-02-15,2025-02-20,Air,902.4975725013853,Good,0
778,35,6,1,2025-02-16,2025-03-02,Sea,641.4990069187252,Bad,9
779,6,88,5,2025-02-17,2025-02-24,Air,974.7134882065801,Bad,2
780,82,19,3,2025-02-18,2025-02-28,Air,491.7590416501062,Extreme,5
781,69,80,1,2025-02-19,2025-02-26,Air,855.0185340428051,Bad,2
782,47,40,4,2025-02-20,2025-02-25,Road,109.27436516836337,Good,0
783,25,92,8,2025-02-21,2025-03-03,Air,368.51509757438095,Extreme,5
784,66,97,3,2025-02-22,2025-03-01,Road,113.66571086364948,Bad,2
785,10,59,10,2025-02-23,2025-03-02,Air,976.575976805117,Bad,2
786,56,59,2,2025-02-24,2025-03-01,Air,826.1252119082449,Good,0
787,30,48,9,2025-02-25,2025-03-09,Sea,859.920050183672,Good,7
788,5,41,10,2025-02-26,2025-03-08,Road,941.0669698621995,Extreme,5
789,33,13,5,2025-02-27,2025-03-06,Air,130.8483118137961,Bad,2
790,65,45,7,2025-02-28,2025-03-05,Road,416.3177128876667,Good,0
791,18,89,2,2025-03-01,2025-03-11,Road,117.48314459180202,Extreme,5
792,96,53,9,2025-03-02,2025-03-16,Sea,250.25344647252717,Bad,9
793,49,42,9,2025-03-03,2025-03-17,Sea,267.89748818578875,Bad,9
794,11,100,4,2025-03-04,2025-03-21,Sea,495.65185049519977,Extreme,12
795,85,63,4,2025-03-05,2025-03-22,Sea,305.13405908096047,Extreme,12
796,26,27,6,2025-03-06,2025-03-18,Sea,145.92920147687303,Good,7
797,63,38,10,2025-03-07,2025-03-21,Sea,209.11653463940232,Bad,9
798,89,60,10,2025-03-08,2025-03-22,Sea,189.91178537448639,Bad,9
799,86,7,10,2025-03-09,2025-03-23,Sea,974.4229580166834,Bad,9
800,59,5,6,2025-03-10,2025-03-20,Air,771.3278815725499,Extreme,5
801,27,45,1,2025-03-11,2025-03-16,Road,969.3733920060839,Good,0
802,49,58,9,2025-03-12,2025-03-26,Sea,467.7534621825131,Bad,9
803,77,31,2,2025-03-13,2025-03-30,Sea,314.4500575795238,Extreme,12
804,33,23,5,2025-03-14,2025-03-21,Road,808.3785373487274,Bad,2
805,98,42,9,2025-03-15,2025-03-20,Air,359.94122213908946,Good,0
806,99,10,4,2025-03-16,2025-03-23,Road,334.4142050200809,Bad,2
807,1,32,3,2025-03-17,2025-03-22,Road,270.88069259743963,Good,0
808,21,53,7,2025-03-18,2025-03-30,Sea,173.19502931302358,Good,7
809,55,30,6,2025-03-19,2025-03-26,Road,293.6399079659277,Bad,2
810,6,39,8,2025-03-20,2025-03-27,Road,387.5537610501933,Bad,2
811,92,31,3,2025-03-21,2025-04-02,Sea,690.2944977384439,Good,7
812,81,82,5,2025-03-22,2025-04-08,Sea,109.436600108479,Extreme,12
813,69,100,10,2025-03-23,2025-04-04,Sea,249.9815926820758,Good,7
814,95,2,4,2025-03-24,2025-04-07,Sea,818.5724582770926,Bad,9
815,5,78,4,2025-03-25,2025-04-01,Road,189.5758274045822,Bad,2
816,3,77,4,2025-03-26,2025-04-05,Road,375.51288919639546,Extreme,5
817,53,93,10,2025-03-27,2025-04-01,Air,871.425975765233,Good,0
818,23,12,8,2025-03-28,2025-04-02,Air,197.17904558627052,Good,0
819,53,39,6,2025-03-29,2025-04-03,Road,128.5999938372804,Good,0
820,37,66,3,2025-03-30,2025-04-06,Air,510.3110953260103,Bad,2
821,74,96,10,2025-03-31,2025-04-05,Road,337.29853571460956,Good,0
822,74,13,5,2025-04-01,2025-04-11,Air,585.2379462596614,Extreme,5
823,83,46,6,2025-04-02,2025-04-16,Sea,813.6146459593014,Bad,9
824,17,27,5,2025-04-03,2025-04-10,Air,180.29106374510602,Bad,2
825,85,17,6,2025-04-04,2025-04-16,Sea,601.6641303265708,Good,7
826,78,95,8,2025-04-05,2025-04-22,Sea,530.2333223703707,Extreme,12
827,73,98,7,2025-04-06,2025-04-20,Sea,186.87484671253958,Bad,9
828,1,60,5,2025-04-07,2025-04-21,Sea,642.7985612525333,Bad,9
829,51,64,10,2025-04-08,2025-04-13,Air,309.95839696773305,Good,0
830,45,88,6,2025-04-09,2025-04-14,Road,513.4426026168119,Good,0
831,77,35,4,2025-04-10,2025-04-27,Sea,128.1587080632088,Extreme,12
832,4,70,9,2025-04-11,2025-04-16,Air,486.6048543529419,Good,0
833,62,83,4,2025-04-12,2025-04-29,Sea,341.1402946406793,Extreme,12
834,65,30,1,2025-04-13,2025-04-20,Air,831.2621506260866,Bad,2
835,32,71,7,2025-04-14,2025-04-24,Air,104.12979064749987,Extreme,5
836,34,74,7,2025-04-15,2025-04-25,Air,447.67691117241344,Extreme,5
837,92,96,4,2025-04-16,2025-04-26,Road,485.5098529248661,Extreme,5
838,95,98,3,2025-04-17,2025-04-24,Air,738.7557724841628,Bad,2
839,72,63,8,2025-04-18,2025-04-23,Air,595.5731963357005,Good,0
840,39,28,5,2025-04-19,2025-04-26,Road,683.851720334472,Bad,2
841,26,60,10,2025-04-20,2025-04-25,Road,788.1968213691683,Good,0
842,34,79,7,2025-04-21,2025-05-01,Air,869.0928249752793,Extreme,5
843,54,94,4,2025-04-22,2025-05-02,Road,348.18172188634696,Extreme,5
844,3,37,4,2025-04-23,2025-05-10,Sea,561.1215700957077,Extreme,12
845,50,93,8,2025-04-24,2025-05-11,Sea,848.1026745172398,Extreme,12
846,12,22,8,2025-04-25,2025-05-05,Road,989.9785744168037,Extreme,5
847,65,68,2,2025-04-26,2025-05-01,Road,895.043345491575,Good,0
848,54,20,2,2025-04-27,2025-05-02,Air,402.89389949315796,Good,0
849,5,96,3,2025-04-28,2025-05-08,Road,235.4081913577179,Extreme,5
850,94,100,3,2025-04-29,2025-05-06,Air,514.9229105362592,Bad,2
851,94,68,1,2025-04-30,2025-05-14,Sea,754.5593792442402,Bad,9
852,57,91,3,2025-05-01,2025-05-11,Road,517.9406172156328,Extreme,5
853,17,64,6,2025-05-02,2025-05-07,Air,509.02182014798507,Good,0
854,47,17,8,2025-05-03,2025-05-10,Air,846.3189000277106,Bad,2
855,23,12,10,2025-05-04,2025-05-18,Sea,393.33359011382703,Bad,9
856,79,22,6,2025-05-05,2025-05-12,Road,866.8049410710634,Bad,2
857,85,17,5,2025-05-06,2025-05-23,Sea,436.4645609041374,Extreme,12
858,14,10,4,2025-05-07,2025-05-14,Air,361.8214503944224,Bad,2
859,66,65,3,2025-05-08,2025-05-15,Air,481.29041563971407,Bad,2
860,75,22,4,2025-05-09,2025-05-16,Road,774.3246107411251,Bad,2
861,51,90,7,2025-05-10,2025-05-17,Air,169.70192647079455,Bad,2
862,38,82,1,2025-05-11,2025-05-16,Road,236.5982550784165,Good,0
863,64,50,7,2025-05-12,2025-05-29,Sea,953.8725843799374,Extreme,12
864,98,14,1,2025-05-13,2025-05-23,Road,216.7170460122895,Extreme,5
865,38,64,2,2025-05-14,2025-05-19,Road,589.3409520345018,Good,0
866,50,47,4,2025-05-15,2025-05-20,Air,600.348743328841,Good,0
867,98,29,1,2025-05-16,2025-05-26,Air,515.1432389477325,Extreme,5
868,82,76,9,2025-05-17,2025-05-24,Road,662.5079861479777,Bad,2
869,30,36,6,2025-05-18,2025-05-25,Air,268.33538950773755,Bad,2
870,79,99,1,2025-05-19,2025-05-29,Air,575.0291543879108,Extreme,5
871,91,52,1,2025-05-20,2025-05-27,Air,403.5645924845523,Bad,2
872,51,76,6,2025-05-21,2025-05-26,Road,678.5838966477296,Good,0
873,63,7,4,2025-05-22,2025-05-29,Air,184.162366204492,Bad,2
874,98,29,4,2025-05-23,2025-05-30,Road,592.3335459975024,Bad,2
875,52,11,6,2025-05-24,2025-05-31,Air,226.00683761415752,Bad,2
876,38,33,7,2025-05-25,2025-06-11,Sea,314.71090995928455,Extreme,12
877,97,6,9,2025-05-26,2025-05-31,Air,257.77431030740405,Good,0
878,88,79,10,2025-05-27,2025-06-03,Air,223.69589087537625,Bad,2
879,79,32,5,2025-05-28,2025-06-07,Road,834.4254039826336,Extreme,5
880,30,51,9,2025-05-29,2025-06-05,Road,321.4221892778458,Bad,2
881,51,75,4,2025-05-30,2025-06-04,Air,930.7675927712269,Good,0
882,81,58,10,2025-05-31,2025-06-14,Sea,971.4301990779313,Bad,9
883,5,87,2,2025-06-01,2025-06-06,Air,592.6974464402425,Good,0
884,29,26,3,2025-06-02,2025-06-09,Air,185.8510665324401,Bad,2
885,4,98,1,2025-06-03,2025-06-15,Sea,405.8208312106022,Good,7
886,10,46,6,2025-06-04,2025-06-11,Road,807.8456501808033,Bad,2
887,56,98,6,2025-06-05,2025-06-10,Air,399.0211922622169,Good,0
888,17,29,1,2025-06-06,2025-06-13,Road,132.66635738764933,Bad,2
889,74,4,3,2025-06-07,2025-06-14,Road,578.9456653817786,Bad,2
890,17,81,5,2025-06-08,2025-06-25,Sea,852.864808921233,Extreme,12
891,84,99,3,2025-06-09,2025-06-26,Sea,806.1300677863272,Extreme,12
892,88,13,10,2025-06-10,2025-06-15,Road,216.36698312383558,Good,0
893,69,39,3,2025-06-11,2025-06-18,Air,689.1263836918433,Bad,2
894,34,15,10,2025-06-12,2025-06-17,Road,259.4790502638648,Good,0
895,6,29,3,2025-06-13,2025-06-23,Air,257.2971578245636,Extreme,5
896,53,29,5,2025-06-14,2025-06-19,Air,880.3681846399259,Good,0
897,66,75,5,2025-06-15,2025-06-27,Sea,287.18550510321865,Good,7
898,77,32,4,2025-06-16,2025-06-26,Air,300.0849791921106,Extreme,5
899,43,2,1,2025-06-17,2025-06-24,Air,50.620721223234575,Bad,2
900,75,47,5,2025-06-18,2025-06-23,Road,877.1355824192418,Good,0
901,23,78,10,2025-06-19,2025-07-06,Sea,802.965072548678,Extreme,12
902,55,84,5,2025-06-20,2025-06-27,Air,645.9624883361441,Bad,2
903,80,22,4,2025-06-21,2025-07-01,Air,762.7524757419002,Extreme,5
904,95,75,6,2025-06-22,2025-07-04,Sea,194.44613905326722,Good,7
905,75,27,10,2025-06-23,2025-06-30,Road,485.40741485819666,Bad,2
906,16,67,4,2025-06-24,2025-07-08,Sea,383.65841798134187,Bad,9
907,8,81,7,2025-06-25,2025-07-12,Sea,139.08769994416565,Extreme,12
908,4,56,7,2025-06-26,2025-07-06,Air,511.8239609541779,Extreme,5
909,4,92,2,2025-06-27,2025-07-07,Air,924.7026678255036,Extreme,5
910,56,93,3,2025-06-28,2025-07-05,Road,88.05616309815976,Bad,2
911,25,21,1,2025-06-29,2025-07-06,Air,326.8878678191042,Bad,2
912,67,47,8,2025-06-30,2025-07-05,Air,247.1638893954183,Good,0
913,96,80,9,2025-07-01,2025-07-15,Sea,276.2393209824115,Bad,9
914,67,59,4,2025-07-02,2025-07-07,Air,913.0128242854065,Good,0
915,27,84,6,2025-07-03,2025-07-13,Road,494.6656015225756,Extreme,5
916,93,6,9,2025-07-04,2025-07-21,Sea,492.98444229282785,Extreme,12
917,32,19,6,2025-07-05,2025-07-12,Road,772.5468603325182,Bad,2
918,50,57,9,2025-07-06,2025-07-23,Sea,196.7675938046795,Extreme,12
919,61,69,4,2025-07-07,2025-07-17,Air,512.9020863950482,Extreme,5
920,51,3,8,2025-07-08,2025-07-22,Sea,458.48595341500675,Bad,9
921,19,1,9,2025-07-09,2025-07-21,Sea,617.0651560193234,Good,7
922,21,58,4,2025-07-10,2025-07-17,Air,999.5798180879167,Bad,2
923,5,38,5,2025-07-11,2025-07-16,Air,780.9764493779447,Good,0
924,82,15,8,2025-07-12,2025-07-19,Road,427.9724178665558,Bad,2
925,92,34,10,2025-07-13,2025-07-20,Road,836.1753996603446,Bad,2
926,42,61,6,2025-07-14,2025-07-24,Air,212.17294514685616,Extreme,5
927,61,35,7,2025-07-15,2025-07-22,Air,78.94050199351211,Bad,2
928,22,64,3,2025-07-16,2025-07-23,Air,244.2259538410594,Bad,2
929,21,25,7,2025-07-17,2025-07-29,Sea,373.39097830854666,Good,7
930,70,24,8,2025-07-18,2025-08-04,Sea,535.0517195865818,Extreme,12
931,1,12,10,2025-07-19,2025-07-31,Sea,634.3726835141398,Good,7
932,5,18,6,2025-07-20,2025-07-25,Air,915.0754313537007,Good,0
933,12,15,10,2025-07-21,2025-07-31,Road,534.3613090729348,Extreme,5
934,90,80,9,2025-07-22,2025-08-01,Air,526.211862394443,Extreme,5
935,46,27,6,2025-07-23,2025-08-09,Sea,97.73085933183302,Extreme,12
936,34,72,9,2025-07-24,2025-08-07,Sea,83.16597502341261,Bad,9
937,49,60,4,2025-07-25,2025-08-04,Air,573.6019638205535,Extreme,5
938,78,46,8,2025-07-26,2025-08-05,Air,466.2696825859273,Extreme,5
939,90,89,4,2025-07-27,2025-08-13,Sea,847.2213752312837,Extreme,12
940,45,17,2,2025-07-28,2025-08-09,Sea,202.6456054762529,Good,7
941,27,93,10,2025-07-29,2025-08-10,Sea,73.72307901119711,Good,7
942,73,53,9,2025-07-30,2025-08-06,Air,476.58682953361955,Bad,2
943,26,8,5,2025-07-31,2025-08-12,Sea,275.60462891464465,Good,7
944,47,79,4,2025-08-01,2025-08-15,Sea,97.13365467189558,Bad,9
945,86,27,2,2025-08-02,2025-08-07,Road,738.3683725052475,Good,0
946,56,46,1,2025-08-03,2025-08-13,Air,156.0133499593851,Extreme,5
947,94,50,7,2025-08-04,2025-08-09,Road,627.9035250073831,Good,0
948,63,71,6,2025-08-05,2025-08-12,Road,316.9972626585447,Bad,2
949,48,3,2,2025-08-06,2025-08-18,Sea,214.82124783727093,Good,7
950,61,93,8,2025-08-07,2025-08-17,Air,410.76394677335156,Extreme,5
951,81,64,4,2025-08-08,2025-08-22,Sea,811.373487411806,Bad,9
952,26,44,8,2025-08-09,2025-08-19,Air,422.4888980593441,Extreme,5
953,36,53,7,2025-08-10,2025-08-20,Road,763.2311667505029,Extreme,5
954,1,24,5,2025-08-11,2025-08-18,Air,169.21198195919317,Bad,2
955,8,60,10,2025-08-12,2025-08-29,Sea,784.1328486818252,Extreme,12
956,99,3,10,2025-08-13,2025-08-30,Sea,275.0866586613162,Extreme,12
957,52,20,8,2025-08-14,2025-08-26,Sea,693.5234733944292,Good,7
958,79,46,9,2025-08-15,2025-08-25,Air,587.4924770989466,Extreme,5
959,47,15,5,2025-08-16,2025-08-26,Road,932.687481351103,Extreme,5
960,56,25,10,2025-08-17,2025-08-27,Road,417.95639207654835,Extreme,5
961,86,94,5,2025-08-18,2025-08-28,Air,112.85692939271843,Extreme,5
962,14,78,2,2025-08-19,2025-09-02,Sea,68.19771127369026,Bad,9
963,90,71,5,2025-08-20,2025-08-25,Road,835.5156329241155,Good,0
964,28,17,3,2025-08-21,2025-09-07,Sea,548.4988557783606,Extreme,12
965,87,84,7,2025-08-22,2025-09-01,Air,786.4818492432019,Extreme,5
966,78,100,10,2025-08-23,2025-09-06,Sea,272.70432001093894,Bad,9
967,88,9,5,2025-08-24,2025-09-03,Road,377.82955823757203,Extreme,5
968,2,38,8,2025-08-25,2025-09-01,Road,78.59867860075299,Bad,2
969,26,48,1,2025-08-26,2025-09-07,Sea,963.4177083454066,Good,7
970,14,60,3,2025-08-27,2025-09-01,Air,684.4745113657727,Good,0
971,59,63,3,2025-08-28,2025-09-14,Sea,936.5448333713409,Extreme,12
972,56,86,9,2025-08-29,2025-09-08,Air,302.2215870576187,Extreme,5
973,7,2,5,2025-08-30,2025-09-16,Sea,630.8904306643778,Extreme,12
974,3,88,9,2025-08-31,2025-09-07,Road,694.574969878006,Bad,2
975,23,72,9,2025-09-01,2025-09-11,Air,351.67221524470904,Extreme,5
976,18,11,1,2025-09-02,2025-09-12,Air,855.7037732648486,Extreme,5
977,38,64,2,2025-09-03,2025-09-08,Air,949.8033897552355,Good,0
978,99,77,5,2025-09-04,2025-09-14,Road,890.6123618112041,Extreme,5
979,15,81,4,2025-09-05,2025-09-17,Sea,752.1136271424039,Good,7
980,64,72,10,2025-09-06,2025-09-16,Road,313.59144573870634,Extreme,5
981,89,21,9,2025-09-07,2025-09-12,Air,317.53524000035014,Good,0
982,28,18,7,2025-09-08,2025-09-25,Sea,965.192304423736,Extreme,12
983,74,94,6,2025-09-09,2025-09-14,Road,59.770271138907425,Good,0
984,39,64,7,2025-09-10,2025-09-17,Air,730.2474745800373,Bad,2
985,57,82,1,2025-09-11,2025-09-16,Air,720.9338544274991,Good,0
986,17,95,1,2025-09-12,2025-09-17,Road,641.5550639023076,Good,0
987,86,38,8,2025-09-13,2025-09-18,Road,990.6034037825225,Good,0
988,90,32,2,2025-09-14,2025-09-24,Road,346.28546397553896,Extreme,5
989,44,11,10,2025-09-15,2025-09-25,Air,372.9732706035858,Extreme,5
990,25,45,9,2025-09-16,2025-09-26,Road,124.99243279922777,Extreme,5
991,17,89,7,2025-09-17,2025-09-24,Air,470.6582297165506,Bad,2
992,13,33,6,2025-09-18,2025-09-25,Road,297.9960999231057,Bad,2
993,84,41,1,2025-09-19,2025-09-24,Air,376.21736706876203,Good,0
994,25,8,1,2025-09-20,2025-09-27,Air,842.8432007428463,Bad,2
995,68,11,2,2025-09-21,2025-10-03,Sea,938.7102878511209,Good,7
996,10,86,6,2025-09-22,2025-09-27,Road,226.44641840492633,Good,0
997,67,51,6,2025-09-23,2025-09-28,Road,403.88348497579256,Good,0
998,18,88,2,2025-09-24,2025-10-01,Air,932.1990340096244,Bad,2
999,100,41,1,2025-09-25,2025-10-05,Air,108.7180376547615,Extreme,5
1000,86,17,10,2025-09-26,2025-10-03,Air,137.7425017058096,Bad,2
